{
  "demo_55": 1.0,
  "demo_77": 1.0,
  "demo_15": 1.0,
  "demo_31": 1.0,
  "demo_121": 1.0,
  "demo_173": 1.0,
  "demo_191": 1.0,
  "demo_17": 1.0,
  "demo_43": 1.0,
  "demo_71": 1.0,
  "demo_93": 0.997957170009613,
  "demo_119": 0.9967812299728394,
  "demo_7": 0.9943833351135254,
  "demo_183": 0.9922146201133728,
  "demo_41": 0.9879630208015442,
  "demo_161": 0.9851295351982117,
  "demo_92": 0.9828963875770569,
  "demo_125": 0.9733151793479919,
  "demo_73": 0.9584954380989075,
  "demo_155": 0.948794960975647,
  "demo_11": 0.9315502643585205,
  "demo_182": 0.920070230960846,
  "demo_25": 0.9194998145103455,
  "demo_157": 0.9139181971549988,
  "demo_35": 0.9095460176467896,
  "demo_187": 0.9010555744171143,
  "demo_37": 0.8949139714241028,
  "demo_127": 0.8938053846359253,
  "demo_151": 0.8718981146812439,
  "demo_175": 0.853103756904602,
  "demo_85": 0.8404511213302612,
  "demo_63": 0.8282409310340881,
  "demo_141": 0.814439594745636,
  "demo_123": 0.7963297367095947,
  "demo_133": 0.7953247427940369,
  "demo_83": 0.7855489253997803,
  "demo_185": 0.7830954790115356,
  "demo_6": 0.7782518267631531,
  "demo_118": 0.7759577631950378,
  "demo_163": 0.7759515643119812,
  "demo_124": 0.7735166549682617,
  "demo_87": 0.7670118808746338,
  "demo_129": 0.7545480132102966,
  "demo_65": 0.753463089466095,
  "demo_147": 0.7502973079681396,
  "demo_91": 0.7485399842262268,
  "demo_97": 0.7446537017822266,
  "demo_95": 0.7445268034934998,
  "demo_101": 0.7440146803855896,
  "demo_143": 0.7422611713409424,
  "demo_57": 0.7412620186805725,
  "demo_33": 0.7250409722328186,
  "demo_61": 0.717168390750885,
  "demo_179": 0.715099036693573,
  "demo_199": 0.7093949913978577,
  "demo_149": 0.7083733677864075,
  "demo_19": 0.7009555101394653,
  "demo_76": 0.699772834777832,
  "demo_107": 0.6988903880119324,
  "demo_14": 0.6968890428543091,
  "demo_9": 0.6741787195205688,
  "demo_145": 0.6720738410949707,
  "demo_40": 0.6649198532104492,
  "demo_160": 0.6648595929145813,
  "demo_115": 0.6646180748939514,
  "demo_165": 0.6579575538635254,
  "demo_177": 0.6361257433891296,
  "demo_51": 0.6340622305870056,
  "demo_117": 0.6328915357589722,
  "demo_197": 0.6312304139137268,
  "demo_75": 0.6305979490280151,
  "demo_144": 0.6282349824905396,
  "demo_59": 0.6280059814453125,
  "demo_109": 0.627263605594635,
  "demo_126": 0.626607358455658,
  "demo_47": 0.6181212067604065,
  "demo_153": 0.6160298585891724,
  "demo_131": 0.6159682273864746,
  "demo_111": 0.609795093536377,
  "demo_30": 0.6092949509620667,
  "demo_140": 0.607762336730957,
  "demo_21": 0.6050621867179871,
  "demo_27": 0.6032044887542725,
  "demo_135": 0.599505603313446,
  "demo_54": 0.5984517931938171,
  "demo_64": 0.5885418653488159,
  "demo_139": 0.5835630893707275,
  "demo_108": 0.5797030925750732,
  "demo_72": 0.5792145729064941,
  "demo_113": 0.5781918168067932,
  "demo_150": 0.577315092086792,
  "demo_34": 0.575344443321228,
  "demo_79": 0.5722532272338867,
  "demo_69": 0.5705246329307556,
  "demo_137": 0.5659072399139404,
  "demo_3": 0.5640120506286621,
  "demo_169": 0.5566227436065674,
  "demo_167": 0.5515114665031433,
  "demo_90": 0.5507139563560486,
  "demo_190": 0.5496667623519897,
  "demo_10": 0.5488653182983398,
  "demo_23": 0.5486239194869995,
  "demo_67": 0.5474774241447449,
  "demo_195": 0.5448456406593323,
  "demo_103": 0.5311543941497803,
  "demo_181": 0.524854302406311,
  "demo_193": 0.5243421196937561,
  "demo_159": 0.5203176736831665,
  "demo_13": 0.511925995349884,
  "demo_171": 0.4962575137615204,
  "demo_128": 0.49398332834243774,
  "demo_174": 0.4924061596393585,
  "demo_49": 0.49087804555892944,
  "demo_94": 0.4895792305469513,
  "demo_1": 0.4810936450958252,
  "demo_60": 0.47061631083488464,
  "demo_156": 0.4687868058681488,
  "demo_50": 0.4675028920173645,
  "demo_184": 0.45332691073417664,
  "demo_84": 0.45221245288848877,
  "demo_106": 0.4114471673965454,
  "demo_186": 0.4008166790008545,
  "demo_154": 0.3937790095806122,
  "demo_122": 0.38622406125068665,
  "demo_24": 0.3746355473995209,
  "demo_68": 0.3717305362224579,
  "demo_8": 0.3519657552242279,
  "demo_100": 0.3444385528564453,
  "demo_70": 0.3229064643383026,
  "demo_172": 0.320460706949234,
  "demo_18": 0.31546270847320557,
  "demo_46": 0.3135088086128235,
  "demo_114": 0.3078075349330902,
  "demo_96": 0.30117982625961304,
  "demo_36": 0.29630616307258606,
  "demo_116": 0.2906758189201355,
  "demo_62": 0.26035910844802856,
  "demo_112": 0.2527056336402893,
  "demo_132": 0.24915140867233276,
  "demo_148": 0.23610660433769226,
  "demo_198": 0.23345080018043518,
  "demo_162": 0.2246275097131729,
  "demo_146": 0.22285789251327515,
  "demo_16": 0.2033270299434662,
  "demo_136": 0.19885939359664917,
  "demo_194": 0.19817917048931122,
  "demo_110": 0.19038191437721252,
  "demo_142": 0.16696032881736755,
  "demo_168": 0.15764890611171722,
  "demo_26": 0.15562288463115692,
  "demo_74": 0.15520818531513214,
  "demo_158": 0.15380625426769257,
  "demo_196": 0.14477421343326569,
  "demo_130": 0.1405179500579834,
  "demo_56": 0.13728292286396027,
  "demo_58": 0.13578428328037262,
  "demo_66": 0.13003815710544586,
  "demo_164": 0.1229340136051178,
  "demo_192": 0.11961361020803452,
  "demo_22": 0.11926207691431046,
  "demo_2": 0.1181555911898613,
  "demo_102": 0.11102807521820068,
  "demo_176": 0.10749197006225586,
  "demo_78": 0.10740001499652863,
  "demo_180": 0.0841979905962944,
  "demo_152": 0.061178743839263916,
  "demo_32": 0.059988390654325485,
  "demo_138": 0.05,
  "demo_134": 0.05,
  "demo_166": 0.05
}