{
  "dataset_id": "D4RL/pointmaze/large-dense-v2",
  "split_path": "results/minari_inspection/D4RL__pointmaze__large-dense-v2/split_indices.json",
  "episodes_csv": "/home/eston/tri-piql/results/minari_inspection/D4RL__pointmaze__large-dense-v2/episodes.csv",
  "obs_keys": [
    "observation",
    "desired_goal"
  ],
  "seed": 0,
  "steps": 1000,
  "actor_steps": 700,
  "classifier_steps": 300,
  "eval_episodes": 10,
  "eval_horizon": 800,
  "gamma": 0.99,
  "expectile": 0.7,
  "trajectory_reduction": "sum",
  "transition_counts": {
    "positive": 149948,
    "negative": 118231,
    "unlabeled": 150000
  },
  "trajectory_counts": {
    "positive": 336,
    "negative": 672,
    "unlabeled": 2352,
    "max_len": 797
  },
  "classifier": {
    "pos_prob_mean": 0.6734426021575928,
    "neg_prob_mean": 0.30693069100379944,
    "unlabeled_prob_mean": 0.45401114225387573,
    "labeled_accuracy": 0.7959155855949356
  },
  "tri_iql": {
    "q_pos_mean": 0.7598994374275208,
    "q_neg_mean": 0.3712352216243744,
    "q_unlabeled_mean": 0.47466957569122314,
    "pos_neg_auc": 0.9832323554421769,
    "rank_gap": 753.317626953125,
    "unlabeled_q_label_score_spearman": 0.29887691487736073,
    "unlabeled_q_top_quartile_mean": 0.5704283714294434,
    "unlabeled_q_bottom_quartile_mean": 0.41594257950782776,
    "q_bias": 0.10430552065372467,
    "raw_adv_weights": {
      "pos_adv_mean": 1.2641644477844238,
      "neg_adv_mean": -0.7610712647438049,
      "unlabeled_adv_mean": 0.1040036603808403,
      "pos_q_mean": 16.65714454650879,
      "neg_q_mean": 6.542646884918213,
      "unlabeled_q_value_mean": 11.188652038574219,
      "adv_weight_mean": 0.0,
      "adv_weight_std": 1.0,
      "pos_actor_weight_mean": 4.101089000701904,
      "unlabeled_actor_weight_mean": 1.1923035383224487,
      "nonzero_weight_frac": 0.7172717903098912
    },
    "normalized_adv_weights": {
      "pos_adv_mean": 1.2641644477844238,
      "neg_adv_mean": -0.7610712647438049,
      "unlabeled_adv_mean": 0.1040036603808403,
      "pos_q_mean": 16.65714454650879,
      "neg_q_mean": 6.542646884918213,
      "unlabeled_q_value_mean": 11.188652038574219,
      "adv_weight_mean": 0.683983564376831,
      "adv_weight_std": 1.22133469581604,
      "pos_actor_weight_mean": 1.9711378812789917,
      "unlabeled_actor_weight_mean": 0.5856630802154541,
      "nonzero_weight_frac": 0.7172717903098912
    }
  },
  "histories": {
    "classifier": [
      {
        "step": 1,
        "loss": 1.3808090686798096
      },
      {
        "step": 60,
        "loss": 1.2959699630737305
      },
      {
        "step": 120,
        "loss": 1.174385666847229
      },
      {
        "step": 180,
        "loss": 0.9876159429550171
      },
      {
        "step": 240,
        "loss": 0.9577147960662842
      },
      {
        "step": 300,
        "loss": 0.917050838470459
      }
    ],
    "tri_iql": [
      {
        "step": 1,
        "adv_loss": 1.7907326221466064,
        "conservative": 0.7195408940315247,
        "loss": 3.6938540935516357,
        "neg_adv": -0.04420572519302368,
        "neg_return": -4.384538650512695,
        "neg_reward": 0.00497305765748024,
        "pos_adv": -0.019059322774410248,
        "pos_return": 5.095978260040283,
        "pos_reward": -0.005159308202564716,
        "prior_loss": 0.0031010231468826532,
        "q_label_loss": 1.3298203945159912,
        "q_neg": 0.4216795563697815,
        "q_pos": 0.5115746855735779,
        "q_unl": 0.5556868314743042,
        "rank_loss": 0.893139123916626,
        "td_loss": 0.01674017310142517,
        "unl_adv": -0.01799940876662731,
        "unl_reward": 0.021919414401054382,
        "value_loss": 0.0037185053806751966
      },
      {
        "step": 200,
        "adv_loss": 1.62251615524292,
        "conservative": 0.6095048189163208,
        "loss": 5.355615615844727,
        "neg_adv": 0.1890483796596527,
        "neg_return": 178.1125946044922,
        "neg_reward": 0.6970751285552979,
        "pos_adv": 0.8083792924880981,
        "pos_return": 417.77117919921875,
        "pos_reward": 1.0286288261413574,
        "prior_loss": 0.00039876517257653177,
        "q_label_loss": 1.0929944515228271,
        "q_neg": 0.35761016607284546,
        "q_pos": 0.6222140192985535,
        "q_unl": 0.51996910572052,
        "rank_loss": 0.5532482266426086,
        "td_loss": 0.2566164433956146,
        "unl_adv": 0.48361116647720337,
        "unl_reward": 0.8524609804153442,
        "value_loss": 0.42552468180656433
      },
      {
        "step": 400,
        "adv_loss": 1.385637879371643,
        "conservative": 0.6414072513580322,
        "loss": 5.200331687927246,
        "neg_adv": -0.33569785952568054,
        "neg_return": 21.137653350830078,
        "neg_reward": 0.17311060428619385,
        "pos_adv": 0.8845452070236206,
        "pos_return": 475.56005859375,
        "pos_reward": 1.204542636871338,
        "prior_loss": 0.0005937843234278262,
        "q_label_loss": 0.8582061529159546,
        "q_neg": 0.28606006503105164,
        "q_pos": 0.7170256972312927,
        "q_unl": 0.47563230991363525,
        "rank_loss": 0.24717065691947937,
        "td_loss": 0.33813759684562683,
        "unl_adv": 0.2782106399536133,
        "unl_reward": 0.6897178292274475,
        "value_loss": 0.5756977796554565
      },
      {
        "step": 600,
        "adv_loss": 1.3062235116958618,
        "conservative": 0.6407934427261353,
        "loss": 5.422371864318848,
        "neg_adv": -0.4924778640270233,
        "neg_return": -57.279022216796875,
        "neg_reward": -0.12116667628288269,
        "pos_adv": 1.0923547744750977,
        "pos_return": 577.87353515625,
        "pos_reward": 1.239035964012146,
        "prior_loss": 0.0007709402125328779,
        "q_label_loss": 0.9259808659553528,
        "q_neg": 0.32162731885910034,
        "q_pos": 0.6919645071029663,
        "q_unl": 0.47223418951034546,
        "rank_loss": 0.31639111042022705,
        "td_loss": 0.22810517251491547,
        "unl_adv": 0.17800261080265045,
        "unl_reward": 0.4536198377609253,
        "value_loss": 0.8064969778060913
      },
      {
        "step": 800,
        "adv_loss": 1.2845920324325562,
        "conservative": 0.6433573961257935,
        "loss": 6.2001729011535645,
        "neg_adv": -0.6507061719894409,
        "neg_return": 6.318826198577881,
        "neg_reward": -0.11868767440319061,
        "pos_adv": 1.0497349500656128,
        "pos_return": 572.507568359375,
        "pos_reward": 1.4268784523010254,
        "prior_loss": 0.0023382159415632486,
        "q_label_loss": 0.9982391595840454,
        "q_neg": 0.3445419669151306,
        "q_pos": 0.6626981496810913,
        "q_unl": 0.4516448974609375,
        "rank_loss": 0.40462005138397217,
        "td_loss": 0.45848602056503296,
        "unl_adv": 0.008488893508911133,
        "unl_reward": 0.39820021390914917,
        "value_loss": 0.8487583994865417
      },
      {
        "step": 1000,
        "adv_loss": 1.1317567825317383,
        "conservative": 0.6235815286636353,
        "loss": 5.988436222076416,
        "neg_adv": -0.9372144937515259,
        "neg_return": -5.581004619598389,
        "neg_reward": -0.405021607875824,
        "pos_adv": 1.1578223705291748,
        "pos_return": 707.6580810546875,
        "pos_reward": 1.5819597244262695,
        "prior_loss": 0.01526700984686613,
        "q_label_loss": 0.9695284962654114,
        "q_neg": 0.365912526845932,
        "q_pos": 0.698274552822113,
        "q_unl": 0.37644025683403015,
        "rank_loss": 0.36361441016197205,
        "td_loss": 0.5041978359222412,
        "unl_adv": -0.09951914101839066,
        "unl_reward": 0.2693074643611908,
        "value_loss": 0.9971601963043213
      }
    ],
    "bc_positive": [
      {
        "step": 1,
        "loss": 0.6691863536834717
      },
      {
        "step": 140,
        "loss": 0.6192221641540527
      },
      {
        "step": 280,