{
  "demo_33": 1.0,
  "demo_115": 1.0,
  "demo_127": 1.0,
  "demo_197": 1.0,
  "demo_85": 1.0,
  "demo_63": 1.0,
  "demo_175": 1.0,
  "demo_169": 1.0,
  "demo_129": 1.0,
  "demo_177": 1.0,
  "demo_113": 0.9984444975852966,
  "demo_67": 0.9980331063270569,
  "demo_149": 0.9964321851730347,
  "demo_66": 0.9961884617805481,
  "demo_51": 0.9961838722229004,
  "demo_167": 0.9958599209785461,
  "demo_74": 0.99468994140625,
  "demo_57": 0.9943203926086426,
  "demo_61": 0.9930229783058167,
  "demo_27": 0.9858910441398621,
  "demo_21": 0.981046199798584,
  "demo_65": 0.9631374478340149,
  "demo_48": 0.9562264680862427,
  "demo_77": 0.9552550911903381,
  "demo_17": 0.95371013879776,
  "demo_107": 0.9476253390312195,
  "demo_179": 0.9207228422164917,
  "demo_35": 0.9105517268180847,
  "demo_97": 0.9034073352813721,
  "demo_141": 0.9012014865875244,
  "demo_116": 0.8888446688652039,
  "demo_166": 0.8823288083076477,
  "demo_25": 0.8760964870452881,
  "demo_181": 0.8628866672515869,
  "demo_59": 0.8467660546302795,
  "demo_13": 0.8463230133056641,
  "demo_112": 0.8397191166877747,
  "demo_26": 0.8280057907104492,
  "demo_151": 0.8191752433776855,
  "demo_0": 0.8175849318504333,
  "demo_87": 0.8045396208763123,
  "demo_173": 0.7974258661270142,
  "demo_196": 0.7858014106750488,
  "demo_192": 0.785370409488678,
  "demo_139": 0.7774465084075928,
  "demo_130": 0.7598767280578613,
  "demo_9": 0.7407364249229431,
  "demo_56": 0.739073634147644,
  "demo_168": 0.7367534637451172,
  "demo_178": 0.7283093929290771,
  "demo_32": 0.7232927083969116,
  "demo_128": 0.7110867500305176,
  "demo_50": 0.7107645869255066,
  "demo_20": 0.7087478637695312,
  "demo_41": 0.7071127891540527,
  "demo_148": 0.6976640820503235,
  "demo_22": 0.6942431330680847,
  "demo_191": 0.6776024699211121,
  "demo_144": 0.6749466061592102,
  "demo_64": 0.6634398698806763,
  "demo_76": 0.6443119645118713,
  "demo_108": 0.6393335461616516,
  "demo_73": 0.6370121240615845,
  "demo_60": 0.6265884041786194,
  "demo_111": 0.6185830235481262,
  "demo_137": 0.612860381603241,
  "demo_170": 0.610131025314331,
  "demo_16": 0.6058822274208069,
  "demo_162": 0.603001594543457,
  "demo_152": 0.595535159111023,
  "demo_157": 0.5911628603935242,
  "demo_78": 0.5897784233093262,
  "demo_126": 0.5820018649101257,
  "demo_68": 0.5734574198722839,
  "demo_11": 0.5583328604698181,
  "demo_100": 0.5565053820610046,
  "demo_133": 0.5557820796966553,
  "demo_30": 0.5541541576385498,
  "demo_106": 0.5345361828804016,
  "demo_194": 0.5338790416717529,
  "demo_19": 0.5309997200965881,
  "demo_159": 0.5185108780860901,
  "demo_102": 0.5156330466270447,
  "demo_174": 0.4846808612346649,
  "demo_40": 0.4819183349609375,
  "demo_176": 0.47964832186698914,
  "demo_36": 0.46832412481307983,
  "demo_122": 0.4650493264198303,
  "demo_12": 0.4620968699455261,
  "demo_86": 0.4613059461116791,
  "demo_114": 0.46056410670280457,
  "demo_140": 0.45080018043518066,
  "demo_91": 0.4430134892463684,
  "demo_93": 0.4300656318664551,
  "demo_94": 0.42837050557136536,
  "demo_24": 0.4275345802307129,
  "demo_8": 0.4075052738189697,
  "demo_34": 0.39715853333473206,
  "demo_96": 0.3654853403568268,
  "demo_46": 0.36455869674682617,
  "demo_134": 0.35838207602500916,
  "demo_58": 0.35271376371383667,
  "demo_7": 0.3513343930244446,
  "demo_15": 0.31708890199661255,
  "demo_180": 0.30466097593307495,
  "demo_172": 0.29409149289131165,
  "demo_158": 0.2777721881866455,
  "demo_198": 0.25520458817481995,
  "demo_138": 0.22233180701732635,
  "demo_10": 0.21296986937522888,
  "demo_18": 0.20934747159481049,
  "demo_110": 0.1704436093568802,
  "demo_150": 0.1681121587753296,
  "demo_2": 0.15892484784126282,
  "demo_136": 0.14999035000801086,
  "demo_184": 0.1318126618862152,
  "demo_186": 0.13070765137672424,
  "demo_182": 0.12806931138038635,
  "demo_190": 0.12401508539915085,
  "demo_42": 0.10260288417339325,
  "demo_62": 0.07433788478374481,
  "demo_90": 0.07205560058355331,
  "demo_146": 0.06500300019979477,
  "demo_6": 0.05,
  "demo_142": 0.05,
  "demo_82": 0.05,
  "demo_132": 0.05,
  "demo_154": 0.05,
  "demo_160": 0.05,
  "demo_118": 0.05
}