{
  "demo_31": 1.0,
  "demo_145": 1.0,
  "demo_139": 1.0,
  "demo_59": 1.0,
  "demo_131": 1.0,
  "demo_163": 1.0,
  "demo_119": 1.0,
  "demo_25": 1.0,
  "demo_103": 1.0,
  "demo_133": 1.0,
  "demo_91": 0.9986981749534607,
  "demo_19": 0.9969757795333862,
  "demo_71": 0.9921764135360718,
  "demo_185": 0.9900298714637756,
  "demo_63": 0.9866907596588135,
  "demo_70": 0.9793667793273926,
  "demo_142": 0.942033052444458,
  "demo_190": 0.9366493821144104,
  "demo_164": 0.923440158367157,
  "demo_132": 0.917141318321228,
  "demo_87": 0.9171341061592102,
  "demo_184": 0.9067310690879822,
  "demo_62": 0.9062168002128601,
  "demo_102": 0.901028573513031,
  "demo_110": 0.8979069590568542,
  "demo_161": 0.8948429822921753,
  "demo_90": 0.88016676902771,
  "demo_23": 0.8747726082801819,
  "demo_82": 0.8703974485397339,
  "demo_195": 0.8654969930648804,
  "demo_93": 0.8643592596054077,
  "demo_2": 0.8580605387687683,
  "demo_97": 0.8371251821517944,
  "demo_174": 0.8310573101043701,
  "demo_136": 0.8162621855735779,
  "demo_141": 0.8149899244308472,
  "demo_18": 0.8058468699455261,
  "demo_158": 0.8017688393592834,
  "demo_155": 0.7518991827964783,
  "demo_51": 0.7509456872940063,
  "demo_30": 0.7437890768051147,
  "demo_15": 0.735984742641449,
  "demo_84": 0.7359659075737,
  "demo_193": 0.730146050453186,
  "demo_197": 0.7135602235794067,
  "demo_121": 0.7126834392547607,
  "demo_11": 0.7122406363487244,
  "demo_117": 0.7100865244865417,
  "demo_33": 0.7097393870353699,
  "demo_69": 0.7014761567115784,
  "demo_109": 0.6801249384880066,
  "demo_134": 0.6719351410865784,
  "demo_187": 0.6603233814239502,
  "demo_65": 0.65506511926651,
  "demo_57": 0.6469599008560181,
  "demo_7": 0.6376139521598816,
  "demo_138": 0.6363134384155273,
  "demo_67": 0.6302280426025391,
  "demo_75": 0.6257566213607788,
  "demo_61": 0.6223818063735962,
  "demo_179": 0.6198503375053406,
  "demo_183": 0.6197047233581543,
  "demo_92": 0.6187466979026794,
  "demo_118": 0.6000185608863831,
  "demo_115": 0.5925206542015076,
  "demo_169": 0.5913434624671936,
  "demo_199": 0.587790310382843,
  "demo_27": 0.5844286680221558,
  "demo_22": 0.5819130539894104,
  "demo_107": 0.5707005262374878,
  "demo_58": 0.5644292235374451,
  "demo_95": 0.5533735156059265,
  "demo_42": 0.5295873284339905,
  "demo_148": 0.52811598777771,
  "demo_86": 0.5206470489501953,
  "demo_140": 0.5113358497619629,
  "demo_41": 0.5093594193458557,
  "demo_37": 0.49198633432388306,
  "demo_182": 0.4600544571876526,
  "demo_160": 0.43785035610198975,
  "demo_146": 0.4195559322834015,
  "demo_120": 0.4142158627510071,
  "demo_48": 0.4138648211956024,
  "demo_14": 0.3686249852180481,
  "demo_12": 0.3618146479129791,
  "demo_66": 0.3377789258956909,
  "demo_194": 0.3287590444087982,
  "demo_46": 0.31873318552970886,
  "demo_162": 0.31841161847114563,
  "demo_24": 0.3125436305999756,
  "demo_6": 0.31119856238365173,
  "demo_116": 0.3038604259490967,
  "demo_8": 0.3022124171257019,
  "demo_152": 0.3021314740180969,
  "demo_32": 0.2976064085960388,
  "demo_150": 0.29494181275367737,
  "demo_10": 0.28971582651138306,
  "demo_180": 0.26628372073173523,
  "demo_96": 0.2631980776786804,
  "demo_130": 0.25865647196769714,
  "demo_144": 0.2551526725292206,
  "demo_154": 0.23899024724960327,
  "demo_166": 0.2283943146467209,
  "demo_176": 0.22152166068553925,
  "demo_74": 0.21736563742160797,
  "demo_186": 0.2145664542913437,
  "demo_122": 0.21325163543224335,
  "demo_196": 0.20332469046115875,
  "demo_20": 0.20119129121303558,
  "demo_192": 0.19230109453201294,
  "demo_60": 0.17993810772895813,
  "demo_170": 0.1776244044303894,
  "demo_16": 0.17384448647499084,
  "demo_54": 0.1704324185848236,
  "demo_108": 0.16996750235557556,
  "demo_26": 0.1618265062570572,
  "demo_112": 0.16091860830783844,
  "demo_172": 0.16065877676010132,
  "demo_68": 0.1484944224357605,
  "demo_106": 0.12519459426403046,
  "demo_114": 0.12444019317626953,
  "demo_40": 0.11060777306556702,
  "demo_78": 0.09987086057662964,
  "demo_128": 0.09482000023126602,
  "demo_100": 0.08372094482183456,
  "demo_124": 0.07319381833076477,
  "demo_168": 0.06957804411649704,
  "demo_198": 0.0636424720287323,
  "demo_126": 0.05616714805364609,
  "demo_34": 0.05
}