{
  "labeled_positive_mean": 0.9389643251895904,
  "labeled_positive_p10": 0.892769080400467,
  "labeled_negative_mean": 0.052748074289411306,
  "labeled_negative_max": 0.11458973089853923
}