{
  "demo_55": 1.0,
  "demo_77": 1.0,
  "demo_15": 1.0,
  "demo_31": 1.0,
  "demo_121": 1.0,
  "demo_173": 1.0,
  "demo_191": 1.0,
  "demo_17": 1.0,
  "demo_43": 1.0,
  "demo_71": 1.0,
  "demo_93": 0.9982337355613708,
  "demo_41": 0.9890916347503662,
  "demo_92": 0.9806852340698242,
  "demo_11": 0.9368770718574524,
  "demo_182": 0.9283057451248169,
  "demo_35": 0.91886967420578,
  "demo_187": 0.9083488583564758,
  "demo_37": 0.9007764458656311,
  "demo_63": 0.8404622077941895,
  "demo_175": 0.8350422978401184,
  "demo_141": 0.8170445561408997,
  "demo_6": 0.7994810342788696,
  "demo_123": 0.7987262606620789,
  "demo_124": 0.7789847254753113,
  "demo_118": 0.7763891220092773,
  "demo_83": 0.7715353965759277,
  "demo_65": 0.7592265009880066,
  "demo_147": 0.7506439089775085,
  "demo_91": 0.7494133710861206,
  "demo_101": 0.7382150888442993,
  "demo_87": 0.7360614538192749,
  "demo_143": 0.7303222417831421,
  "demo_33": 0.724959135055542,
  "demo_179": 0.7167342305183411,
  "demo_76": 0.7117348909378052,
  "demo_14": 0.7081672549247742,
  "demo_40": 0.6845253109931946,
  "demo_19": 0.6819708347320557,
  "demo_160": 0.673998236656189,
  "demo_145": 0.6735454201698303,
  "demo_126": 0.6541433334350586,
  "demo_197": 0.6284087896347046,
  "demo_59": 0.6276696920394897,
  "demo_117": 0.6270269155502319,
  "demo_75": 0.6263433694839478,
  "demo_30": 0.6248677968978882,
  "demo_153": 0.6202422976493835,
  "demo_144": 0.6175273060798645,
  "demo_131": 0.6126731634140015,
  "demo_140": 0.6103844046592712,
  "demo_111": 0.5950679779052734,
  "demo_34": 0.5916773080825806,
  "demo_64": 0.5911547541618347,
  "demo_108": 0.5902640223503113,
  "demo_72": 0.5887205004692078,
  "demo_54": 0.5856137871742249,
  "demo_113": 0.5843276381492615,
  "demo_190": 0.5743157863616943,
  "demo_150": 0.5710020065307617,
  "demo_69": 0.5687234997749329,
  "demo_10": 0.56717848777771,
  "demo_137": 0.5626937747001648,
  "demo_3": 0.5589545369148254,
  "demo_90": 0.5582293272018433,
  "demo_167": 0.5543269515037537,
  "demo_195": 0.5453085899353027,
  "demo_67": 0.5317820906639099,
  "demo_193": 0.5248715877532959,
  "demo_159": 0.5201804041862488,
  "demo_128": 0.49146443605422974,
  "demo_171": 0.49099400639533997,
  "demo_49": 0.48294931650161743,
  "demo_1": 0.4773397743701935,
  "demo_50": 0.4744061827659607,
  "demo_174": 0.46919870376586914,
  "demo_94": 0.4676349461078644,
  "demo_60": 0.46604183316230774,
  "demo_156": 0.4586009383201599,
  "demo_84": 0.45660069584846497,
  "demo_184": 0.4527044892311096,
  "demo_186": 0.40576842427253723,
  "demo_154": 0.4030236303806305,
  "demo_106": 0.3887661397457123,
  "demo_122": 0.3882947266101837,
  "demo_24": 0.379840612411499,
  "demo_68": 0.3713567852973938,
  "demo_8": 0.35937318205833435,
  "demo_100": 0.34092724323272705,
  "demo_172": 0.32479262351989746,
  "demo_46": 0.31926411390304565,
  "demo_70": 0.3181926906108856,
  "demo_114": 0.3145197331905365,
  "demo_18": 0.312887966632843,
  "demo_96": 0.30727359652519226,
  "demo_36": 0.3000374138355255,
  "demo_116": 0.29218754172325134,
  "demo_112": 0.27491295337677,
  "demo_62": 0.25307002663612366,
  "demo_148": 0.24829904735088348,
  "demo_162": 0.2370901107788086,
  "demo_132": 0.23312236368656158,
  "demo_198": 0.22001765668392181,
  "demo_146": 0.2168746292591095,
  "demo_16": 0.20602121949195862,
  "demo_194": 0.20047050714492798,
  "demo_136": 0.18631547689437866,
  "demo_110": 0.17145827412605286,
  "demo_26": 0.1672210544347763,
  "demo_168": 0.16006124019622803,
  "demo_158": 0.1525181382894516,
  "demo_142": 0.14608407020568848,
  "demo_74": 0.1425665020942688,
  "demo_58": 0.13757863640785217,
  "demo_196": 0.13715402781963348,
  "demo_56": 0.13149462640285492,
  "demo_130": 0.13044823706150055,
  "demo_102": 0.11679290980100632,
  "demo_66": 0.11630310118198395,
  "demo_192": 0.11536869406700134,
  "demo_22": 0.11047619581222534,
  "demo_164": 0.11022800952196121,
  "demo_2": 0.10194814950227737,
  "demo_78": 0.10129059851169586,
  "demo_176": 0.09945166856050491,
  "demo_180": 0.07729373872280121,
  "demo_32": 0.05662721395492554,
  "demo_152": 0.05608837306499481,
  "demo_138": 0.05,
  "demo_134": 0.05,
  "demo_166": 0.05
}