{
  "demo_19": 1.0,
  "demo_173": 1.0,
  "demo_97": 1.0,
  "demo_13": 1.0,
  "demo_191": 1.0,
  "demo_59": 1.0,
  "demo_27": 1.0,
  "demo_169": 1.0,
  "demo_69": 1.0,
  "demo_87": 1.0,
  "demo_33": 0.9113932251930237,
  "demo_167": 0.9043695330619812,
  "demo_179": 0.8714832067489624,
  "demo_91": 0.861549973487854,
  "demo_185": 0.8406055569648743,
  "demo_93": 0.8331190943717957,
  "demo_171": 0.8033810257911682,
  "demo_139": 0.7964582443237305,
  "demo_159": 0.7901189923286438,
  "demo_161": 0.7780687212944031,
  "demo_21": 0.7492755651473999,
  "demo_92": 0.7359635829925537,
  "demo_17": 0.7252151966094971,
  "demo_157": 0.7174604535102844,
  "demo_107": 0.7145459055900574,
  "demo_199": 0.7067114114761353,
  "demo_3": 0.705333948135376,
  "demo_63": 0.6983882188796997,
  "demo_95": 0.685343325138092,
  "demo_151": 0.6838762164115906,
  "demo_165": 0.6830111742019653,
  "demo_155": 0.6585556268692017,
  "demo_182": 0.6525843739509583,
  "demo_121": 0.6476082801818848,
  "demo_85": 0.6474225521087646,
  "demo_37": 0.6254580020904541,
  "demo_23": 0.6234622001647949,
  "demo_147": 0.6150605082511902,
  "demo_11": 0.6062871813774109,
  "demo_163": 0.6041114926338196,
  "demo_113": 0.5945079922676086,
  "demo_61": 0.5896352529525757,
  "demo_94": 0.5854311585426331,
  "demo_137": 0.5690332055091858,
  "demo_116": 0.5540526509284973,
  "demo_96": 0.5451543927192688,
  "demo_67": 0.536169171333313,
  "demo_58": 0.5342775583267212,
  "demo_170": 0.5307148694992065,
  "demo_86": 0.5105567574501038,
  "demo_43": 0.4969186782836914,
  "demo_109": 0.4960792660713196,
  "demo_124": 0.49262332916259766,
  "demo_26": 0.4864686131477356,
  "demo_2": 0.4804879426956177,
  "demo_120": 0.4759097695350647,
  "demo_115": 0.46864598989486694,
  "demo_90": 0.46839115023612976,
  "demo_103": 0.465233713388443,
  "demo_54": 0.46210676431655884,
  "demo_83": 0.4571565091609955,
  "demo_48": 0.44991305470466614,
  "demo_190": 0.4445962607860565,
  "demo_31": 0.4380548298358917,
  "demo_175": 0.4304261803627014,
  "demo_181": 0.42977622151374817,
  "demo_50": 0.42478707432746887,
  "demo_156": 0.41640111804008484,
  "demo_108": 0.4054073989391327,
  "demo_198": 0.40128615498542786,
  "demo_138": 0.3964166045188904,
  "demo_18": 0.3904329836368561,
  "demo_146": 0.3734574317932129,
  "demo_144": 0.3696196377277374,
  "demo_172": 0.36940431594848633,
  "demo_76": 0.36803215742111206,
  "demo_68": 0.3599570393562317,
  "demo_62": 0.3540838360786438,
  "demo_100": 0.3418222963809967,
  "demo_122": 0.3399489223957062,
  "demo_132": 0.31873902678489685,
  "demo_178": 0.3118939697742462,
  "demo_78": 0.30763116478919983,
  "demo_150": 0.3070921003818512,
  "demo_70": 0.30218273401260376,
  "demo_16": 0.29677656292915344,
  "demo_168": 0.2963481545448303,
  "demo_34": 0.2917710542678833,
  "demo_66": 0.2888149321079254,
  "demo_148": 0.2838870882987976,
  "demo_106": 0.25438371300697327,
  "demo_60": 0.25120246410369873,
  "demo_158": 0.24164006114006042,
  "demo_176": 0.24123935401439667,
  "demo_130": 0.23288056254386902,
  "demo_118": 0.23184700310230255,
  "demo_160": 0.22574827075004578,
  "demo_196": 0.22211414575576782,
  "demo_84": 0.2125578224658966,
  "demo_192": 0.20796823501586914,
  "demo_20": 0.2046484798192978,
  "demo_36": 0.2009126991033554,
  "demo_194": 0.19707417488098145,
  "demo_186": 0.19254188239574432,
  "demo_162": 0.18174749612808228,
  "demo_22": 0.18089160323143005,
  "demo_56": 0.17899926006793976,
  "demo_46": 0.17197376489639282,
  "demo_134": 0.16405929625034332,
  "demo_112": 0.1547204852104187,
  "demo_72": 0.15008117258548737,
  "demo_12": 0.12950339913368225,
  "demo_102": 0.12407512217760086,
  "demo_110": 0.12323008477687836,
  "demo_128": 0.11545071750879288,
  "demo_24": 0.11388029903173447,
  "demo_74": 0.10215181112289429,
  "demo_10": 0.10013744235038757,
  "demo_154": 0.09977807104587555,
  "demo_136": 0.09301995486021042,
  "demo_8": 0.0927290990948677,
  "demo_152": 0.0836784839630127,
  "demo_164": 0.06228045001626015,
  "demo_40": 0.059529200196266174,
  "demo_6": 0.05,
  "demo_42": 0.05,
  "demo_82": 0.05,
  "demo_174": 0.05,
  "demo_30": 0.05,
  "demo_14": 0.05
}