seed,labeled_positive_demo_count,labeled_negative_demo_count,labeled_positive_mean,labeled_positive_min,labeled_positive_p10,labeled_positive_p50,labeled_positive_p90,labeled_positive_max,labeled_negative_mean,labeled_negative_min,labeled_negative_p10,labeled_negative_p50,labeled_negative_p90,labeled_negative_max
0,10,10,0.8919322431087494,0.7914791107177734,0.8041199326515198,0.9169129133224487,0.9875642895698548,0.9876487255096436,0.10124547351151705,0.022822929546236992,0.04270851034671068,0.10019955411553383,0.1568463161587715,0.18054257333278656
