checkpoint_step,support_train_nll,support_val_nll
2500,-17.422222137451172,41.45822525024414
5000,-18.793933868408203,55.15980529785156
10000,-19.87738609313965,80.9909896850586
20000,-20.713502883911133,138.56838989257812
