{
  "demo_119": 1.0,
  "demo_177": 1.0,
  "demo_125": 1.0,
  "demo_155": 1.0,
  "demo_127": 1.0,
  "demo_35": 1.0,
  "demo_139": 1.0,
  "demo_17": 1.0,
  "demo_9": 1.0,
  "demo_157": 1.0,
  "demo_183": 0.9101269841194153,
  "demo_107": 0.8753389120101929,
  "demo_21": 0.8639287352561951,
  "demo_199": 0.8530727624893188,
  "demo_101": 0.8524523973464966,
  "demo_57": 0.8086048364639282,
  "demo_161": 0.8015128374099731,
  "demo_15": 0.7569246888160706,
  "demo_59": 0.7369676232337952,
  "demo_135": 0.7313216328620911,
  "demo_171": 0.7251166105270386,
  "demo_193": 0.7191627025604248,
  "demo_169": 0.7121747732162476,
  "demo_137": 0.7037336826324463,
  "demo_129": 0.6879700422286987,
  "demo_1": 0.6820357441902161,
  "demo_165": 0.6791636347770691,
  "demo_27": 0.6665248274803162,
  "demo_167": 0.643963634967804,
  "demo_3": 0.6359149217605591,
  "demo_143": 0.6350120902061462,
  "demo_11": 0.634040892124176,
  "demo_25": 0.6225891709327698,
  "demo_133": 0.6116918921470642,
  "demo_85": 0.5872849225997925,
  "demo_163": 0.5805597305297852,
  "demo_147": 0.5767130851745605,
  "demo_71": 0.5725650191307068,
  "demo_149": 0.5535851716995239,
  "demo_73": 0.5515210628509521,
  "demo_118": 0.5500375628471375,
  "demo_103": 0.5358406901359558,
  "demo_141": 0.5338691473007202,
  "demo_19": 0.516329288482666,
  "demo_191": 0.5075876116752625,
  "demo_78": 0.5049800872802734,
  "demo_63": 0.4992612302303314,
  "demo_138": 0.4966256618499756,
  "demo_126": 0.49477413296699524,
  "demo_168": 0.4899388551712036,
  "demo_94": 0.47303563356399536,
  "demo_198": 0.47112318873405457,
  "demo_175": 0.46806007623672485,
  "demo_128": 0.4604414701461792,
  "demo_106": 0.4591423571109772,
  "demo_124": 0.45651209354400635,
  "demo_31": 0.4523579180240631,
  "demo_83": 0.44854238629341125,
  "demo_56": 0.4441445767879486,
  "demo_160": 0.44346174597740173,
  "demo_154": 0.4383073151111603,
  "demo_76": 0.434834748506546,
  "demo_36": 0.42356187105178833,
  "demo_68": 0.4223181903362274,
  "demo_0": 0.4090327322483063,
  "demo_20": 0.40643519163131714,
  "demo_67": 0.4052596688270569,
  "demo_144": 0.4047260880470276,
  "demo_58": 0.40199705958366394,
  "demo_100": 0.40110114216804504,
  "demo_109": 0.39508602023124695,
  "demo_16": 0.3874368667602539,
  "demo_62": 0.38216400146484375,
  "demo_120": 0.3789290189743042,
  "demo_22": 0.37801337242126465,
  "demo_40": 0.3772166073322296,
  "demo_196": 0.3769223093986511,
  "demo_156": 0.3704289495944977,
  "demo_6": 0.36556535959243774,
  "demo_130": 0.359326034784317,
  "demo_12": 0.32470324635505676,
  "demo_32": 0.3246016204357147,
  "demo_86": 0.32010719180107117,
  "demo_186": 0.31900984048843384,
  "demo_194": 0.3132287263870239,
  "demo_26": 0.30861255526542664,
  "demo_192": 0.28901106119155884,
  "demo_142": 0.28717878460884094,
  "demo_146": 0.2846601605415344,
  "demo_166": 0.28308168053627014,
  "demo_170": 0.2667420208454132,
  "demo_96": 0.262592613697052,
  "demo_14": 0.25992551445961,
  "demo_54": 0.24160251021385193,
  "demo_150": 0.23531095683574677,
  "demo_60": 0.22317396104335785,
  "demo_92": 0.2230217307806015,
  "demo_134": 0.21115140616893768,
  "demo_10": 0.21059606969356537,
  "demo_50": 0.2103264480829239,
  "demo_18": 0.2055586576461792,
  "demo_46": 0.1971520483493805,
  "demo_90": 0.19287438690662384,
  "demo_70": 0.1747990846633911,
  "demo_24": 0.16917653381824493,
  "demo_102": 0.14499568939208984,
  "demo_184": 0.13330280780792236,
  "demo_178": 0.12970605492591858,
  "demo_110": 0.12608051300048828,
  "demo_164": 0.11875589936971664,
  "demo_152": 0.11830552667379379,
  "demo_122": 0.10749258100986481,
  "demo_162": 0.0996408686041832,
  "demo_84": 0.08957602828741074,
  "demo_112": 0.0810604989528656,
  "demo_136": 0.07552924007177353,
  "demo_82": 0.07469885051250458,
  "demo_2": 0.060812849551439285,
  "demo_116": 0.05,
  "demo_190": 0.05,
  "demo_74": 0.05,
  "demo_140": 0.05,
  "demo_180": 0.05,
  "demo_148": 0.05,
  "demo_48": 0.05,
  "demo_108": 0.05,
  "demo_132": 0.05,
  "demo_64": 0.05,
  "demo_174": 0.05,
  "demo_30": 0.05
}