seed,labeled_positive_demo_count,labeled_negative_demo_count,labeled_positive_mean,labeled_positive_min,labeled_positive_p10,labeled_positive_p50,labeled_positive_p90,labeled_positive_max,labeled_negative_mean,labeled_negative_min,labeled_negative_p10,labeled_negative_p50,labeled_negative_p90,labeled_negative_max
0,10,10,0.921520984172821,0.7467222809791565,0.8667181432247162,0.9403688311576843,0.9755309462547302,0.9836829304695129,0.07629542406648397,0.010970976203680038,0.014749024342745543,0.029944407753646374,0.20501534938812255,0.2090989053249359
