checkpoint_step,support_train_nll,support_val_nll
5,7.094900131225586,7.095902442932129
10,6.78287935256958,6.763914585113525
