{
  "demo_33": 1.0,
  "demo_115": 1.0,
  "demo_127": 1.0,
  "demo_197": 1.0,
  "demo_85": 1.0,
  "demo_63": 1.0,
  "demo_175": 1.0,
  "demo_169": 1.0,
  "demo_129": 1.0,
  "demo_177": 1.0,
  "demo_113": 0.9984925985336304,
  "demo_67": 0.998066246509552,
  "demo_149": 0.9964163899421692,
  "demo_51": 0.9959937334060669,
  "demo_66": 0.9943422079086304,
  "demo_61": 0.9926044344902039,
  "demo_74": 0.9919729232788086,
  "demo_27": 0.985910952091217,
  "demo_21": 0.980145275592804,
  "demo_77": 0.9573737382888794,
  "demo_48": 0.9554810523986816,
  "demo_179": 0.9150363802909851,
  "demo_141": 0.8964959383010864,
  "demo_166": 0.8919631838798523,
  "demo_181": 0.885520875453949,
  "demo_116": 0.8603634238243103,
  "demo_59": 0.8395605683326721,
  "demo_112": 0.8174789547920227,
  "demo_151": 0.8105215430259705,
  "demo_87": 0.7958499193191528,
  "demo_196": 0.7918274402618408,
  "demo_26": 0.7888005971908569,
  "demo_0": 0.7875798344612122,
  "demo_130": 0.7682213187217712,
  "demo_192": 0.7449186444282532,
  "demo_168": 0.7386488914489746,
  "demo_56": 0.7384904026985168,
  "demo_32": 0.7190109491348267,
  "demo_50": 0.7124663591384888,
  "demo_20": 0.7093521356582642,
  "demo_128": 0.7078942060470581,
  "demo_41": 0.7034971714019775,
  "demo_148": 0.6948668956756592,
  "demo_144": 0.6872696876525879,
  "demo_178": 0.6869479417800903,
  "demo_22": 0.6792685985565186,
  "demo_64": 0.6684516668319702,
  "demo_76": 0.6475419998168945,
  "demo_73": 0.6317639350891113,
  "demo_108": 0.6217869520187378,
  "demo_60": 0.6213280558586121,
  "demo_137": 0.6213201284408569,
  "demo_111": 0.61955326795578,
  "demo_170": 0.6054478883743286,
  "demo_162": 0.6043652892112732,
  "demo_16": 0.6030000448226929,
  "demo_152": 0.5906699299812317,
  "demo_126": 0.5814195871353149,
  "demo_78": 0.5772774815559387,
  "demo_68": 0.5725051164627075,
  "demo_100": 0.5499493479728699,
  "demo_30": 0.5454591512680054,
  "demo_106": 0.5284451246261597,
  "demo_194": 0.5251772999763489,
  "demo_102": 0.5103338360786438,
  "demo_174": 0.4950980246067047,
  "demo_40": 0.4791145324707031,
  "demo_176": 0.4700443744659424,
  "demo_86": 0.4628117084503174,
  "demo_140": 0.4566519558429718,
  "demo_36": 0.45483410358428955,
  "demo_114": 0.43916910886764526,
  "demo_122": 0.43232181668281555,
  "demo_93": 0.43152910470962524,
  "demo_12": 0.42717444896698,
  "demo_94": 0.4195294976234436,
  "demo_24": 0.4119168221950531,
  "demo_8": 0.4010278284549713,
  "demo_34": 0.38749074935913086,
  "demo_46": 0.3567515015602112,
  "demo_96": 0.35618582367897034,
  "demo_7": 0.3528607189655304,
  "demo_134": 0.34062403440475464,
  "demo_58": 0.3364410698413849,
  "demo_180": 0.2863360643386841,
  "demo_158": 0.2739744484424591,
  "demo_172": 0.2681078016757965,
  "demo_198": 0.24588944017887115,
  "demo_138": 0.22135275602340698,
  "demo_18": 0.2066703736782074,
  "demo_10": 0.19684210419654846,
  "demo_110": 0.16732271015644073,
  "demo_136": 0.15547515451908112,
  "demo_150": 0.14970490336418152,
  "demo_2": 0.14833112061023712,
  "demo_184": 0.12774033844470978,
  "demo_190": 0.12512047588825226,
  "demo_182": 0.12397593259811401,
  "demo_186": 0.11960306763648987,
  "demo_42": 0.11153636127710342,
  "demo_62": 0.0728146880865097,
  "demo_146": 0.06993758678436279,
  "demo_90": 0.06737564504146576,
  "demo_6": 0.05,
  "demo_142": 0.05,
  "demo_82": 0.05,
  "demo_132": 0.05,
  "demo_154": 0.05,
  "demo_160": 0.05,
  "demo_118": 0.05
}