seed,labeled_positive_demo_count,labeled_negative_demo_count,labeled_positive_mean,labeled_positive_min,labeled_positive_p10,labeled_positive_p50,labeled_positive_p90,labeled_positive_max,labeled_negative_mean,labeled_negative_min,labeled_negative_p10,labeled_negative_p50,labeled_negative_p90,labeled_negative_max
0,10,10,0.8970057427883148,0.8433403968811035,0.864864856004715,0.8902525007724762,0.933864688873291,0.9480640888214111,0.11229491680860519,0.00795566663146019,0.011683107353746891,0.09942872077226639,0.23123105764389035,0.30532944202423096
