{
  "demo_1": 1.0,
  "demo_3": 1.0,
  "demo_7": 1.0,
  "demo_9": 1.0,
  "demo_11": 1.0,
  "demo_13": 1.0,
  "demo_15": 1.0,
  "demo_17": 1.0,
  "demo_19": 1.0,
  "demo_21": 1.0,
  "demo_95": 0.8717767596244812,
  "demo_93": 0.8668820858001709,
  "demo_41": 0.8655982613563538,
  "demo_37": 0.8603978157043457,
  "demo_91": 0.8347307443618774,
  "demo_35": 0.8296119570732117,
  "demo_107": 0.816891610622406,
  "demo_33": 0.8095711469650269,
  "demo_85": 0.7937179803848267,
  "demo_97": 0.7904800176620483,
  "demo_77": 0.7846482992172241,
  "demo_59": 0.7826554775238037,
  "demo_79": 0.779431164264679,
  "demo_71": 0.7694369554519653,
  "demo_27": 0.7667689323425293,
  "demo_111": 0.7592782378196716,
  "demo_55": 0.7424263954162598,
  "demo_43": 0.7401214241981506,
  "demo_63": 0.739310622215271,
  "demo_57": 0.7308221459388733,
  "demo_87": 0.7172929644584656,
  "demo_23": 0.7139312624931335,
  "demo_101": 0.6826096177101135,
  "demo_69": 0.6717819571495056,
  "demo_31": 0.666506826877594,
  "demo_25": 0.6597842574119568,
  "demo_47": 0.6541361808776855,
  "demo_124": 0.6358270049095154,
  "demo_34": 0.6307770013809204,
  "demo_117": 0.6216763257980347,
  "demo_51": 0.6067416667938232,
  "demo_73": 0.6022507548332214,
  "demo_92": 0.6010914444923401,
  "demo_76": 0.5851908922195435,
  "demo_146": 0.581972599029541,
  "demo_120": 0.5812108516693115,
  "demo_198": 0.573926568031311,
  "demo_83": 0.57338547706604,
  "demo_113": 0.5674240589141846,
  "demo_118": 0.5618934035301208,
  "demo_126": 0.5390185713768005,
  "demo_115": 0.5346401333808899,
  "demo_144": 0.53155916929245,
  "demo_156": 0.5300454497337341,
  "demo_61": 0.526974081993103,
  "demo_49": 0.5121381282806396,
  "demo_86": 0.5036012530326843,
  "demo_103": 0.5035512447357178,
  "demo_138": 0.4920177161693573,
  "demo_106": 0.491661012172699,
  "demo_170": 0.4902227818965912,
  "demo_94": 0.48954662680625916,
  "demo_109": 0.48908892273902893,
  "demo_78": 0.482103168964386,
  "demo_67": 0.47725194692611694,
  "demo_75": 0.47716179490089417,
  "demo_65": 0.47694042325019836,
  "demo_58": 0.4767018258571625,
  "demo_54": 0.47361481189727783,
  "demo_36": 0.4731275737285614,
  "demo_150": 0.46513831615448,
  "demo_142": 0.46147316694259644,
  "demo_62": 0.46141481399536133,
  "demo_182": 0.4444732666015625,
  "demo_96": 0.44358542561531067,
  "demo_90": 0.4253171682357788,
  "demo_26": 0.4194963574409485,
  "demo_168": 0.4168546199798584,
  "demo_184": 0.4078218638896942,
  "demo_70": 0.40039700269699097,
  "demo_84": 0.39893677830696106,
  "demo_100": 0.39794018864631653,
  "demo_116": 0.38791072368621826,
  "demo_22": 0.37217605113983154,
  "demo_172": 0.36487412452697754,
  "demo_32": 0.36082640290260315,
  "demo_68": 0.3383339047431946,
  "demo_108": 0.3356766700744629,
  "demo_160": 0.3308121860027313,
  "demo_122": 0.3227325975894928,
  "demo_194": 0.31981074810028076,
  "demo_50": 0.3188343346118927,
  "demo_128": 0.3143012225627899,
  "demo_110": 0.3058416247367859,
  "demo_40": 0.303836852312088,
  "demo_46": 0.26685139536857605,
  "demo_72": 0.25516602396965027,
  "demo_158": 0.25076812505722046,
  "demo_164": 0.24608051776885986,
  "demo_30": 0.24435412883758545,
  "demo_134": 0.2440694123506546,
  "demo_64": 0.23074248433113098,
  "demo_82": 0.22443817555904388,
  "demo_186": 0.22371728718280792,
  "demo_130": 0.21468669176101685,
  "demo_174": 0.20501120388507843,
  "demo_176": 0.2043103724718094,
  "demo_148": 0.20317381620407104,
  "demo_42": 0.20074152946472168,
  "demo_190": 0.2003297060728073,
  "demo_102": 0.19676153361797333,
  "demo_192": 0.1840204894542694,
  "demo_166": 0.18112222850322723,
  "demo_196": 0.1779189556837082,
  "demo_136": 0.17527194321155548,
  "demo_140": 0.1595318615436554,
  "demo_132": 0.15811687707901,
  "demo_56": 0.1570122092962265,
  "demo_154": 0.153615802526474,
  "demo_178": 0.15281254053115845,
  "demo_24": 0.14836864173412323,
  "demo_114": 0.14495232701301575,
  "demo_162": 0.1426030546426773,
  "demo_48": 0.13455107808113098,
  "demo_66": 0.1250545233488083,
  "demo_112": 0.12417139112949371,
  "demo_60": 0.11442382633686066,
  "demo_152": 0.0946945995092392,
  "demo_180": 0.09310714900493622,
  "demo_74": 0.06485220044851303
}