checkpoint_step,support_train_nll,support_val_nll,support_train_mode_mse,support_val_mode_mse,support_train_mean_mse,support_val_mean_mse
2500,-17.422222137451172,41.45822525024414,0.02189583331346512,0.035937704145908356,0.018132228404283524,0.032864443957805634
5000,-18.793933868408203,55.15980529785156,0.01749076135456562,0.039345208555459976,0.01519527193158865,0.033595699816942215
10000,-19.87738609313965,80.9909896850586,0.015451113693416119,0.04072446748614311,0.012815218418836594,0.03551314398646355
20000,-20.713502883911133,138.56838989257812,0.012067669071257114,0.04537033289670944,0.010379201732575893,0.03998396918177605
