{
  "labeled_positive_mean": 0.9883858879407247,
  "labeled_positive_p10": 0.9787967085838317,
  "labeled_negative_mean": 0.014111904256666702,
  "labeled_negative_max": 0.041416085014740624
}
