{
  "demo_55": 1.0,
  "demo_77": 1.0,
  "demo_15": 1.0,
  "demo_31": 1.0,
  "demo_121": 1.0,
  "demo_173": 1.0,
  "demo_191": 1.0,
  "demo_17": 1.0,
  "demo_43": 1.0,
  "demo_71": 1.0,
  "demo_93": 0.9979476928710938,
  "demo_41": 0.987655758857727,
  "demo_92": 0.974755048751831,
  "demo_182": 0.9258116483688354,
  "demo_187": 0.9042763113975525,
  "demo_37": 0.9033975601196289,
  "demo_175": 0.8206112384796143,
  "demo_141": 0.809912919998169,
  "demo_6": 0.7946882247924805,
  "demo_124": 0.7782950401306152,
  "demo_65": 0.7602822184562683,
  "demo_118": 0.7590543031692505,
  "demo_101": 0.732957124710083,
  "demo_87": 0.7240410447120667,
  "demo_33": 0.7196492552757263,
  "demo_76": 0.7069398760795593,
  "demo_14": 0.6937642693519592,
  "demo_145": 0.6917853951454163,
  "demo_40": 0.6741263270378113,
  "demo_160": 0.6561468839645386,
  "demo_126": 0.647377073764801,
  "demo_30": 0.6313110589981079,
  "demo_153": 0.6195552945137024,
  "demo_144": 0.6152461767196655,
  "demo_75": 0.6094396710395813,
  "demo_64": 0.5983502268791199,
  "demo_140": 0.5975931882858276,
  "demo_108": 0.5948307514190674,
  "demo_190": 0.5884913802146912,
  "demo_72": 0.5858824849128723,
  "demo_54": 0.5820271968841553,
  "demo_34": 0.5815759897232056,
  "demo_111": 0.576985239982605,
  "demo_150": 0.5623969435691833,
  "demo_90": 0.5611194968223572,
  "demo_137": 0.5522932410240173,
  "demo_10": 0.5484218597412109,
  "demo_3": 0.5467622876167297,
  "demo_195": 0.5427700877189636,
  "demo_159": 0.5135470628738403,
  "demo_1": 0.4791359305381775,
  "demo_49": 0.47637316584587097,
  "demo_128": 0.47252243757247925,
  "demo_50": 0.468692809343338,
  "demo_174": 0.46094056963920593,
  "demo_84": 0.4588206112384796,
  "demo_184": 0.4586365222930908,
  "demo_94": 0.456356406211853,
  "demo_60": 0.4385792016983032,
  "demo_156": 0.4382559657096863,
  "demo_186": 0.39055100083351135,
  "demo_154": 0.38594600558280945,
  "demo_122": 0.38593679666519165,
  "demo_24": 0.38098305463790894,
  "demo_106": 0.37823477387428284,
  "demo_8": 0.36591261625289917,
  "demo_68": 0.35859259963035583,
  "demo_100": 0.3338257968425751,
  "demo_172": 0.32302361726760864,
  "demo_96": 0.3163336515426636,
  "demo_114": 0.3131667375564575,
  "demo_46": 0.31217747926712036,
  "demo_116": 0.31099697947502136,
  "demo_18": 0.3103145360946655,
  "demo_70": 0.3042986989021301,
  "demo_36": 0.28719064593315125,
  "demo_112": 0.2823975086212158,
  "demo_148": 0.25064998865127563,
  "demo_162": 0.24278199672698975,
  "demo_62": 0.23796410858631134,
  "demo_132": 0.2239617556333542,
  "demo_146": 0.21734537184238434,
  "demo_194": 0.20310711860656738,
  "demo_16": 0.20203045010566711,
  "demo_198": 0.1955854296684265,
  "demo_26": 0.18356987833976746,
  "demo_136": 0.1802414506673813,
  "demo_168": 0.16408227384090424,
  "demo_110": 0.1509249061346054,
  "demo_158": 0.14899931848049164,
  "demo_58": 0.14335709810256958,
  "demo_196": 0.1338350921869278,
  "demo_142": 0.13328658044338226,
  "demo_130": 0.12812289595603943,
  "demo_56": 0.12510354816913605,
  "demo_74": 0.12021344155073166,
  "demo_102": 0.11631140857934952,
  "demo_192": 0.1137659102678299,
  "demo_66": 0.10609667748212814,
  "demo_164": 0.10392219573259354,
  "demo_78": 0.10342154651880264,
  "demo_22": 0.10333986580371857,
  "demo_2": 0.10097143799066544,
  "demo_176": 0.09570802003145218,
  "demo_180": 0.07978104799985886,
  "demo_32": 0.05645093694329262,
  "demo_152": 0.05238156393170357,
  "demo_134": 0.05,
  "demo_138": 0.05,
  "demo_166": 0.05
}