checkpoint_step,support_train_nll,support_val_nll,support_train_mode_mse,support_val_mode_mse,support_train_mean_mse,support_val_mean_mse
5,7.094900131225586,7.095902442932129,0.23800013959407806,0.24210003018379211,0.24259167909622192,0.24697411060333252
10,6.78287935256958,6.763914585113525,0.23120981454849243,0.2325979769229889,0.23070992529392242,0.23521627485752106
