{
  "demo_33": 1.0,
  "demo_1": 1.0,
  "demo_111": 1.0,
  "demo_83": 1.0,
  "demo_121": 1.0,
  "demo_133": 1.0,
  "demo_127": 1.0,
  "demo_153": 1.0,
  "demo_123": 1.0,
  "demo_139": 1.0,
  "demo_165": 0.9641896486282349,
  "demo_143": 0.95760577917099,
  "demo_91": 0.9366191029548645,
  "demo_71": 0.9246841073036194,
  "demo_179": 0.9028378129005432,
  "demo_137": 0.9016140103340149,
  "demo_169": 0.9014599919319153,
  "demo_13": 0.8977042436599731,
  "demo_77": 0.883111834526062,
  "demo_173": 0.8425378799438477,
  "demo_191": 0.838698148727417,
  "demo_187": 0.8335603475570679,
  "demo_151": 0.7965273261070251,
  "demo_97": 0.7836176753044128,
  "demo_15": 0.7761962413787842,
  "demo_146": 0.7672727704048157,
  "demo_155": 0.7640325427055359,
  "demo_7": 0.763375461101532,
  "demo_73": 0.7622436881065369,
  "demo_167": 0.751583456993103,
  "demo_23": 0.7374143004417419,
  "demo_37": 0.7186926007270813,
  "demo_42": 0.710199236869812,
  "demo_120": 0.7002445459365845,
  "demo_185": 0.6878718137741089,
  "demo_131": 0.6799007058143616,
  "demo_65": 0.6768975853919983,
  "demo_95": 0.676435112953186,
  "demo_85": 0.6753596663475037,
  "demo_135": 0.6716934442520142,
  "demo_57": 0.6701875925064087,
  "demo_21": 0.6670960187911987,
  "demo_101": 0.646614134311676,
  "demo_3": 0.6356724500656128,
  "demo_25": 0.6218774914741516,
  "demo_90": 0.6062795519828796,
  "demo_183": 0.602194607257843,
  "demo_157": 0.6002053022384644,
  "demo_142": 0.5836856961250305,
  "demo_163": 0.5812279582023621,
  "demo_126": 0.5723198652267456,
  "demo_62": 0.5689932107925415,
  "demo_70": 0.5635215640068054,
  "demo_40": 0.5601842403411865,
  "demo_149": 0.5591181516647339,
  "demo_144": 0.5429911017417908,
  "demo_110": 0.5376781821250916,
  "demo_82": 0.52938312292099,
  "demo_109": 0.5242449045181274,
  "demo_150": 0.5205581784248352,
  "demo_8": 0.5054209232330322,
  "demo_46": 0.5022705793380737,
  "demo_170": 0.5012447834014893,
  "demo_51": 0.5002903342247009,
  "demo_164": 0.4863984286785126,
  "demo_55": 0.4803828001022339,
  "demo_108": 0.47468993067741394,
  "demo_122": 0.47208935022354126,
  "demo_174": 0.46431681513786316,
  "demo_6": 0.46358752250671387,
  "demo_58": 0.45203331112861633,
  "demo_32": 0.44333842396736145,
  "demo_86": 0.4338473081588745,
  "demo_61": 0.4263749420642853,
  "demo_22": 0.4201364517211914,
  "demo_172": 0.4172946512699127,
  "demo_136": 0.41298073530197144,
  "demo_168": 0.40931427478790283,
  "demo_18": 0.4000755548477173,
  "demo_178": 0.3975110352039337,
  "demo_0": 0.38927313685417175,
  "demo_64": 0.3884502351284027,
  "demo_138": 0.3799091577529907,
  "demo_36": 0.37752479314804077,
  "demo_72": 0.3755282759666443,
  "demo_190": 0.3652346730232239,
  "demo_14": 0.3549211025238037,
  "demo_116": 0.3477557897567749,
  "demo_34": 0.3416633605957031,
  "demo_76": 0.3371758460998535,
  "demo_84": 0.3264719843864441,
  "demo_180": 0.3262002468109131,
  "demo_198": 0.32062509655952454,
  "demo_12": 0.31704622507095337,
  "demo_20": 0.3148299753665924,
  "demo_10": 0.30025970935821533,
  "demo_78": 0.26875820755958557,
  "demo_154": 0.2527552545070648,
  "demo_26": 0.23374003171920776,
  "demo_186": 0.22304695844650269,
  "demo_156": 0.20792558789253235,
  "demo_160": 0.20680052042007446,
  "demo_194": 0.19918254017829895,
  "demo_148": 0.1989184319972992,
  "demo_66": 0.1931927353143692,
  "demo_140": 0.17108482122421265,
  "demo_56": 0.17055602371692657,
  "demo_182": 0.16990973055362701,
  "demo_24": 0.1638103723526001,
  "demo_96": 0.16045188903808594,
  "demo_124": 0.1578444540500641,
  "demo_128": 0.14613252878189087,
  "demo_196": 0.14371101558208466,
  "demo_2": 0.1399194598197937,
  "demo_184": 0.13987696170806885,
  "demo_114": 0.13739992678165436,
  "demo_134": 0.13177590072155,
  "demo_176": 0.12981410324573517,
  "demo_152": 0.12911644577980042,
  "demo_192": 0.12775234878063202,
  "demo_162": 0.11534572392702103,
  "demo_48": 0.11418283730745316,
  "demo_132": 0.11375293880701065,
  "demo_16": 0.07740818709135056,
  "demo_74": 0.07735167443752289,
  "demo_50": 0.06857965886592865,
  "demo_68": 0.06753110885620117,
  "demo_60": 0.06470869481563568,
  "demo_112": 0.05817754194140434,
  "demo_92": 0.05164071545004845
}