{
  "demo_1": 1.0,
  "demo_3": 1.0,
  "demo_7": 1.0,
  "demo_9": 1.0,
  "demo_11": 1.0,
  "demo_13": 1.0,
  "demo_15": 1.0,
  "demo_17": 1.0,
  "demo_19": 1.0,
  "demo_21": 1.0,
  "demo_91": 0.8426728844642639,
  "demo_95": 0.8285074234008789,
  "demo_33": 0.788424551486969,
  "demo_37": 0.7849810719490051,
  "demo_59": 0.7817285656929016,
  "demo_41": 0.780937910079956,
  "demo_107": 0.7719950079917908,
  "demo_43": 0.7705419659614563,
  "demo_97": 0.7704381942749023,
  "demo_85": 0.7636891603469849,
  "demo_93": 0.7624865770339966,
  "demo_71": 0.7608751654624939,
  "demo_111": 0.756869375705719,
  "demo_79": 0.7503458261489868,
  "demo_27": 0.7498637437820435,
  "demo_63": 0.7440151572227478,
  "demo_35": 0.7431284785270691,
  "demo_55": 0.7415522933006287,
  "demo_57": 0.7260065078735352,
  "demo_87": 0.7057670950889587,
  "demo_77": 0.6901563405990601,
  "demo_25": 0.6668229699134827,
  "demo_23": 0.6628626585006714,
  "demo_69": 0.6574128866195679,
  "demo_47": 0.6524513959884644,
  "demo_31": 0.6502593755722046,
  "demo_101": 0.6495477557182312,
  "demo_117": 0.6325939297676086,
  "demo_73": 0.6234055161476135,
  "demo_113": 0.6208019852638245,
  "demo_51": 0.6182740330696106,
  "demo_83": 0.6112421751022339,
  "demo_124": 0.5863521099090576,
  "demo_115": 0.5716832876205444,
  "demo_61": 0.5413685441017151,
  "demo_103": 0.5413323044776917,
  "demo_49": 0.5317296385765076,
  "demo_109": 0.5266998410224915,
  "demo_65": 0.5192960500717163,
  "demo_92": 0.5191832184791565,
  "demo_34": 0.5178906321525574,
  "demo_58": 0.5157430171966553,
  "demo_75": 0.5140101909637451,
  "demo_86": 0.5138963460922241,
  "demo_62": 0.5116934776306152,
  "demo_67": 0.5102391839027405,
  "demo_76": 0.5033447742462158,
  "demo_198": 0.49937939643859863,
  "demo_94": 0.48794716596603394,
  "demo_118": 0.4830144941806793,
  "demo_90": 0.48166972398757935,
  "demo_54": 0.48103925585746765,
  "demo_156": 0.47059255838394165,
  "demo_142": 0.4701371490955353,
  "demo_138": 0.466768741607666,
  "demo_146": 0.46124204993247986,
  "demo_106": 0.4547490179538727,
  "demo_96": 0.44390934705734253,
  "demo_70": 0.4410960376262665,
  "demo_78": 0.43787604570388794,
  "demo_120": 0.43298009037971497,
  "demo_170": 0.42842286825180054,
  "demo_184": 0.4164925217628479,
  "demo_126": 0.4148601293563843,
  "demo_182": 0.39688077569007874,
  "demo_26": 0.38726943731307983,
  "demo_150": 0.36731165647506714,
  "demo_144": 0.3655768930912018,
  "demo_36": 0.36115363240242004,
  "demo_168": 0.35987839102745056,
  "demo_84": 0.35454031825065613,
  "demo_100": 0.3434228003025055,
  "demo_116": 0.34319868683815,
  "demo_110": 0.3204251825809479,
  "demo_194": 0.3200417757034302,
  "demo_22": 0.31666427850723267,
  "demo_68": 0.31398749351501465,
  "demo_158": 0.2937859296798706,
  "demo_164": 0.2919168472290039,
  "demo_32": 0.28020042181015015,
  "demo_82": 0.27810123562812805,
  "demo_50": 0.2729564309120178,
  "demo_40": 0.2706560492515564,
  "demo_190": 0.2698870897293091,
  "demo_72": 0.26347827911376953,
  "demo_108": 0.2596185803413391,
  "demo_64": 0.25923317670822144,
  "demo_160": 0.2586999535560608,
  "demo_42": 0.2565842866897583,
  "demo_46": 0.24620071053504944,
  "demo_172": 0.24076807498931885,
  "demo_102": 0.23583708703517914,
  "demo_122": 0.23544175922870636,
  "demo_136": 0.23519662022590637,
  "demo_166": 0.23376449942588806,
  "demo_128": 0.22741255164146423,
  "demo_162": 0.22584882378578186,
  "demo_30": 0.22385333478450775,
  "demo_134": 0.22012357413768768,
  "demo_48": 0.2124302089214325,
  "demo_130": 0.20758789777755737,
  "demo_186": 0.20145584642887115,
  "demo_114": 0.19685913622379303,
  "demo_174": 0.19527468085289001,
  "demo_196": 0.17964547872543335,
  "demo_148": 0.17791609466075897,
  "demo_140": 0.17742030322551727,
  "demo_132": 0.17658250033855438,
  "demo_24": 0.17559616267681122,
  "demo_56": 0.17096783220767975,
  "demo_180": 0.16849401593208313,
  "demo_192": 0.1681394726037979,
  "demo_154": 0.16506315767765045,
  "demo_176": 0.16414901614189148,
  "demo_112": 0.15527847409248352,
  "demo_66": 0.13551917672157288,
  "demo_178": 0.12436497956514359,
  "demo_60": 0.11444741487503052,
  "demo_152": 0.10281196236610413,
  "demo_74": 0.09587506949901581
}