{
  "demo_97": 1.0,
  "demo_41": 1.0,
  "demo_21": 1.0,
  "demo_183": 1.0,
  "demo_15": 1.0,
  "demo_185": 1.0,
  "demo_111": 1.0,
  "demo_83": 1.0,
  "demo_59": 1.0,
  "demo_57": 1.0,
  "demo_63": 0.994364857673645,
  "demo_71": 0.9897923469543457,
  "demo_19": 0.9856049418449402,
  "demo_91": 0.9852179884910583,
  "demo_133": 0.981192946434021,
  "demo_55": 0.975629448890686,
  "demo_184": 0.9511069059371948,
  "demo_191": 0.9496773481369019,
  "demo_92": 0.9259961247444153,
  "demo_139": 0.9250113368034363,
  "demo_95": 0.9159332513809204,
  "demo_90": 0.914309024810791,
  "demo_70": 0.9069656729698181,
  "demo_62": 0.9028913378715515,
  "demo_145": 0.8840410113334656,
  "demo_137": 0.8809501528739929,
  "demo_79": 0.8729002475738525,
  "demo_101": 0.868806004524231,
  "demo_54": 0.8626996278762817,
  "demo_119": 0.8614991307258606,
  "demo_58": 0.8555653095245361,
  "demo_43": 0.8376815915107727,
  "demo_182": 0.8263127207756042,
  "demo_106": 0.8258910179138184,
  "demo_86": 0.8040698766708374,
  "demo_37": 0.8034111261367798,
  "demo_18": 0.7951595783233643,
  "demo_96": 0.7778738737106323,
  "demo_165": 0.7712528705596924,
  "demo_190": 0.7610780596733093,
  "demo_13": 0.7600343823432922,
  "demo_127": 0.7438068389892578,
  "demo_110": 0.7429062724113464,
  "demo_142": 0.7407195568084717,
  "demo_129": 0.7368446588516235,
  "demo_94": 0.7226114273071289,
  "demo_124": 0.7218391299247742,
  "demo_17": 0.7193455100059509,
  "demo_158": 0.6557674407958984,
  "demo_153": 0.6426699757575989,
  "demo_132": 0.6374866962432861,
  "demo_51": 0.6263554692268372,
  "demo_138": 0.6178116798400879,
  "demo_61": 0.6161876916885376,
  "demo_25": 0.6024645566940308,
  "demo_78": 0.601904034614563,
  "demo_173": 0.5876909494400024,
  "demo_197": 0.5848406553268433,
  "demo_155": 0.5781453251838684,
  "demo_103": 0.5624508261680603,
  "demo_76": 0.5574100017547607,
  "demo_0": 0.5532775521278381,
  "demo_144": 0.5507185459136963,
  "demo_171": 0.5360256433486938,
  "demo_141": 0.5177412033081055,
  "demo_85": 0.5008977055549622,
  "demo_149": 0.4932057559490204,
  "demo_73": 0.4907347857952118,
  "demo_164": 0.4904344379901886,
  "demo_2": 0.4881476163864136,
  "demo_75": 0.4843571186065674,
  "demo_49": 0.46693289279937744,
  "demo_117": 0.46033427119255066,
  "demo_27": 0.46011659502983093,
  "demo_136": 0.45714274048805237,
  "demo_65": 0.4439180791378021,
  "demo_31": 0.42035993933677673,
  "demo_118": 0.4061366021633148,
  "demo_168": 0.3669191598892212,
  "demo_100": 0.36461833119392395,
  "demo_20": 0.36136355996131897,
  "demo_56": 0.36066964268684387,
  "demo_40": 0.35070422291755676,
  "demo_42": 0.33988824486732483,
  "demo_82": 0.31806305050849915,
  "demo_128": 0.3098006248474121,
  "demo_126": 0.3095715343952179,
  "demo_198": 0.29530462622642517,
  "demo_22": 0.27910828590393066,
  "demo_130": 0.2780802249908447,
  "demo_156": 0.2562862038612366,
  "demo_10": 0.24481311440467834,
  "demo_16": 0.2204003781080246,
  "demo_134": 0.20845745503902435,
  "demo_12": 0.20830132067203522,
  "demo_50": 0.20826710760593414,
  "demo_60": 0.2051541805267334,
  "demo_68": 0.18717220425605774,
  "demo_36": 0.1808798760175705,
  "demo_194": 0.17008733749389648,
  "demo_160": 0.1692267805337906,
  "demo_14": 0.14966236054897308,
  "demo_196": 0.14694711565971375,
  "demo_32": 0.12880590558052063,
  "demo_146": 0.12716500461101532,
  "demo_192": 0.12024339288473129,
  "demo_176": 0.10151783376932144,
  "demo_102": 0.10124479234218597,
  "demo_166": 0.08557116240262985,
  "demo_152": 0.06625200062990189,
  "demo_26": 0.052558783441782,
  "demo_154": 0.05077444761991501,
  "demo_140": 0.05,
  "demo_84": 0.05,
  "demo_24": 0.05,
  "demo_74": 0.05,
  "demo_186": 0.05,
  "demo_162": 0.05,
  "demo_114": 0.05,
  "demo_150": 0.05,
  "demo_66": 0.05,
  "demo_180": 0.05,
  "demo_48": 0.05,
  "demo_64": 0.05,
  "demo_122": 0.05,
  "demo_148": 0.05,
  "demo_108": 0.05,
  "demo_30": 0.05,
  "demo_116": 0.05,
  "demo_178": 0.05
}