{
  "demo_1": 1.0,
  "demo_3": 1.0,
  "demo_7": 1.0,
  "demo_9": 1.0,
  "demo_11": 1.0,
  "demo_13": 1.0,
  "demo_15": 1.0,
  "demo_17": 1.0,
  "demo_19": 1.0,
  "demo_21": 1.0,
  "demo_91": 0.8535712361335754,
  "demo_95": 0.8350322246551514,
  "demo_85": 0.8271589875221252,
  "demo_41": 0.8116490840911865,
  "demo_33": 0.8101226091384888,
  "demo_37": 0.8072437644004822,
  "demo_93": 0.8041693568229675,
  "demo_27": 0.7980749607086182,
  "demo_59": 0.7807940244674683,
  "demo_79": 0.7798265218734741,
  "demo_43": 0.7791854739189148,
  "demo_107": 0.7754749059677124,
  "demo_71": 0.76924729347229,
  "demo_35": 0.7553156614303589,
  "demo_97": 0.7551326155662537,
  "demo_111": 0.7544568777084351,
  "demo_77": 0.715876042842865,
  "demo_57": 0.6998924016952515,
  "demo_23": 0.6997356414794922,
  "demo_87": 0.6762797832489014,
  "demo_31": 0.675216019153595,
  "demo_25": 0.6742085218429565,
  "demo_63": 0.6626759171485901,
  "demo_101": 0.6513594388961792,
  "demo_69": 0.644297182559967,
  "demo_47": 0.643839418888092,
  "demo_117": 0.6167632341384888,
  "demo_51": 0.6100448369979858,
  "demo_55": 0.605655312538147,
  "demo_146": 0.599091649055481,
  "demo_124": 0.5942593812942505,
  "demo_113": 0.5932973623275757,
  "demo_73": 0.5881571173667908,
  "demo_83": 0.5841366052627563,
  "demo_118": 0.5765122175216675,
  "demo_198": 0.5642169713973999,
  "demo_120": 0.5541708469390869,
  "demo_34": 0.543249785900116,
  "demo_115": 0.5422250628471375,
  "demo_61": 0.5373207926750183,
  "demo_103": 0.5355293154716492,
  "demo_92": 0.5169018507003784,
  "demo_138": 0.5118233561515808,
  "demo_49": 0.5088210105895996,
  "demo_156": 0.5051829814910889,
  "demo_142": 0.5043162107467651,
  "demo_65": 0.5030807256698608,
  "demo_62": 0.4984038770198822,
  "demo_58": 0.4982425570487976,
  "demo_170": 0.4964233636856079,
  "demo_150": 0.48406678438186646,
  "demo_76": 0.48372843861579895,
  "demo_75": 0.48306700587272644,
  "demo_84": 0.4758780002593994,
  "demo_78": 0.4670707583427429,
  "demo_109": 0.4646480977535248,
  "demo_126": 0.4525039494037628,
  "demo_94": 0.4521467387676239,
  "demo_67": 0.4514143764972687,
  "demo_90": 0.44762131571769714,
  "demo_26": 0.4470347762107849,
  "demo_106": 0.42440176010131836,
  "demo_36": 0.41692644357681274,
  "demo_70": 0.41470569372177124,
  "demo_96": 0.4088152050971985,
  "demo_144": 0.40669503808021545,
  "demo_86": 0.39875784516334534,
  "demo_116": 0.39810818433761597,
  "demo_172": 0.3920075595378876,
  "demo_182": 0.37537726759910583,
  "demo_22": 0.3752034902572632,
  "demo_168": 0.37084320187568665,
  "demo_54": 0.3628394305706024,
  "demo_122": 0.36216792464256287,
  "demo_108": 0.35281363129615784,
  "demo_100": 0.348183274269104,
  "demo_32": 0.34709298610687256,
  "demo_82": 0.34539544582366943,
  "demo_160": 0.34481173753738403,
  "demo_184": 0.33936649560928345,
  "demo_194": 0.31585457921028137,
  "demo_50": 0.31498900055885315,
  "demo_164": 0.3121649920940399,
  "demo_68": 0.3028196394443512,
  "demo_30": 0.301615446805954,
  "demo_102": 0.29716646671295166,
  "demo_174": 0.29460781812667847,
  "demo_110": 0.28300613164901733,
  "demo_40": 0.27455079555511475,
  "demo_148": 0.2707330286502838,
  "demo_42": 0.26175564527511597,
  "demo_64": 0.26037463545799255,
  "demo_72": 0.2578847110271454,
  "demo_134": 0.25174009799957275,
  "demo_46": 0.25043413043022156,
  "demo_158": 0.24351049959659576,
  "demo_186": 0.2396050989627838,
  "demo_166": 0.23831509053707123,
  "demo_190": 0.231495201587677,
  "demo_136": 0.2174922078847885,
  "demo_128": 0.2155030071735382,
  "demo_162": 0.21546396613121033,
  "demo_178": 0.21272476017475128,
  "demo_154": 0.21223820745944977,
  "demo_196": 0.1998659372329712,
  "demo_176": 0.1950281709432602,
  "demo_114": 0.19094333052635193,
  "demo_24": 0.19019627571105957,
  "demo_130": 0.1877458393573761,
  "demo_132": 0.1806688904762268,
  "demo_140": 0.17992453277111053,
  "demo_192": 0.17988209426403046,
  "demo_180": 0.17903581261634827,
  "demo_56": 0.14989474415779114,
  "demo_112": 0.1454417109489441,
  "demo_48": 0.14048728346824646,
  "demo_66": 0.11638645827770233,
  "demo_60": 0.10608616471290588,
  "demo_152": 0.10496313124895096,
  "demo_74": 0.0910591334104538
}