{
  "demo_71": 1.0,
  "demo_69": 1.0,
  "demo_121": 1.0,
  "demo_169": 1.0,
  "demo_153": 1.0,
  "demo_133": 1.0,
  "demo_139": 1.0,
  "demo_191": 1.0,
  "demo_21": 1.0,
  "demo_87": 1.0,
  "demo_59": 0.9199783205986023,
  "demo_131": 0.8985481858253479,
  "demo_19": 0.8784082531929016,
  "demo_159": 0.8656085729598999,
  "demo_13": 0.8624827265739441,
  "demo_57": 0.8605876564979553,
  "demo_167": 0.852694571018219,
  "demo_145": 0.8475818634033203,
  "demo_107": 0.8367726802825928,
  "demo_3": 0.8232899308204651,
  "demo_197": 0.801851749420166,
  "demo_51": 0.7979196906089783,
  "demo_95": 0.7977906465530396,
  "demo_193": 0.7952302694320679,
  "demo_111": 0.7950829863548279,
  "demo_129": 0.7789021730422974,
  "demo_137": 0.7783448100090027,
  "demo_62": 0.7164449095726013,
  "demo_90": 0.7113767862319946,
  "demo_165": 0.7072219848632812,
  "demo_61": 0.70273756980896,
  "demo_184": 0.7010111808776855,
  "demo_43": 0.6893742680549622,
  "demo_27": 0.6777638792991638,
  "demo_135": 0.6742854714393616,
  "demo_58": 0.6635655760765076,
  "demo_86": 0.6503176689147949,
  "demo_127": 0.6441411375999451,
  "demo_115": 0.6209743618965149,
  "demo_33": 0.5893340706825256,
  "demo_9": 0.5869086980819702,
  "demo_70": 0.5811294317245483,
  "demo_54": 0.5810478329658508,
  "demo_18": 0.5774283409118652,
  "demo_83": 0.5760440826416016,
  "demo_113": 0.5577624440193176,
  "demo_96": 0.549341082572937,
  "demo_166": 0.5343340635299683,
  "demo_155": 0.5222326517105103,
  "demo_168": 0.5083489418029785,
  "demo_190": 0.5057345032691956,
  "demo_93": 0.49977514147758484,
  "demo_146": 0.4989143908023834,
  "demo_149": 0.4988212287425995,
  "demo_119": 0.48541009426116943,
  "demo_161": 0.4852103292942047,
  "demo_76": 0.484883189201355,
  "demo_20": 0.4811544120311737,
  "demo_56": 0.46623772382736206,
  "demo_138": 0.46122702956199646,
  "demo_181": 0.45930445194244385,
  "demo_85": 0.44982263445854187,
  "demo_120": 0.43971237540245056,
  "demo_0": 0.43615177273750305,
  "demo_78": 0.43138450384140015,
  "demo_7": 0.4306896924972534,
  "demo_175": 0.42530331015586853,
  "demo_73": 0.41569259762763977,
  "demo_196": 0.40317994356155396,
  "demo_100": 0.39734071493148804,
  "demo_94": 0.3935298025608063,
  "demo_16": 0.39172056317329407,
  "demo_142": 0.38308820128440857,
  "demo_50": 0.37970930337905884,
  "demo_15": 0.3758186995983124,
  "demo_130": 0.36560162901878357,
  "demo_110": 0.36481547355651855,
  "demo_109": 0.35772842168807983,
  "demo_106": 0.3451134264469147,
  "demo_68": 0.31717449426651,
  "demo_26": 0.29526498913764954,
  "demo_60": 0.2950551509857178,
  "demo_12": 0.28698843717575073,
  "demo_128": 0.28646382689476013,
  "demo_194": 0.2851821482181549,
  "demo_192": 0.28386974334716797,
  "demo_126": 0.23711596429347992,
  "demo_42": 0.23578506708145142,
  "demo_40": 0.22478726506233215,
  "demo_34": 0.20852252840995789,
  "demo_36": 0.2023240476846695,
  "demo_170": 0.18527035415172577,
  "demo_2": 0.17744208872318268,
  "demo_136": 0.17734016478061676,
  "demo_182": 0.16744664311408997,
  "demo_114": 0.1529441773891449,
  "demo_8": 0.15238377451896667,
  "demo_152": 0.14897756278514862,
  "demo_124": 0.14619334042072296,
  "demo_164": 0.13688579201698303,
  "demo_32": 0.1350911259651184,
  "demo_198": 0.12530939280986786,
  "demo_162": 0.10314825177192688,
  "demo_112": 0.10287803411483765,
  "demo_74": 0.09818724542856216,
  "demo_134": 0.09413263946771622,
  "demo_24": 0.0918755903840065,
  "demo_92": 0.08876872807741165,
  "demo_176": 0.0740228071808815,
  "demo_10": 0.058689430356025696,
  "demo_102": 0.05342472344636917,
  "demo_116": 0.051931120455265045,
  "demo_82": 0.05,
  "demo_148": 0.05,
  "demo_186": 0.05,
  "demo_150": 0.05,
  "demo_6": 0.05,
  "demo_84": 0.05,
  "demo_122": 0.05,
  "demo_64": 0.05,
  "demo_108": 0.05,
  "demo_178": 0.05,
  "demo_140": 0.05,
  "demo_14": 0.05,
  "demo_174": 0.05,
  "demo_154": 0.05,
  "demo_172": 0.05,
  "demo_30": 0.05,
  "demo_160": 0.05,
  "demo_72": 0.05
}